Gene,PD_mean,Control_mean,LogFC,pval
TAC1,213.88562499999998,441.8522222222222,-227.96659722222225,0.029284655045161194
CALM1,188.02437500000002,321.4844444444445,-133.46006944444446,0.006036873707549107
DCLK1,400.10625000000005,574.2459259259259,-174.13967592592587,0.009997080982575382
PRKACB,1477.5358333333334,1504.197777777778,-26.661944444444543,0.7555146567388422
PCP4,1217.518125,1088.0677777777778,129.45034722222226,0.3218113791981505
FGF13,272.26937499999997,942.7455555555555,-670.4761805555555,0.0187999143247778
SV2C,128.38375000000002,568.4877777777779,-440.10402777777784,0.003549901166018988
