Gene,scores,logfoldchanges,pvals,pvals_adj
CALM1,-2.9953396,-1.620413,0.0027413942637622484,0.025200696526160964
DCLK1,-4.655968,-1.2992898,3.224615275371242e-06,0.0010264871740156768
FGF13,-4.306771,-1.0251205,1.6565517955865333e-05,0.002050719092280818
PCP4,-3.546296,-2.2343593,0.00039068729940594266,0.009261367119853852
PRKACB,-3.8489337,-1.4617323,0.00011863305652442139,0.005265937048871876
SV2C,-4.260211,-1.0544739,2.0423399915525365e-05,0.0021568465417898188
TAC1,-3.2746978,-1.8860396,0.0010577509176189163,0.015425303466820884
